article, images
Agriculture in South Africa, 5
Africa Day, 0
Convenience food, 4
Acid, 6
African music, 8
AIDS orphan, 1
Alcohol abuse, 4
Alcohol dependence, 1
!Kung people, 0
Aloe vera, 5
Alcoholism, 8
Aloe, 21
Animal husbandry in South Africa, 0
Animal husbandry, 1
Animal-powered transport, 1
Apartheid, 11
Atom, 13
Bias, 0
Automobile, 14
Base (chemistry), 0
Bicycle, 29
Bill of Rights (South Africa), 0
Biome, 3
Boiling, 2
Borehole, 2
Bird nest, 18
Bullying, 1
Castle of Good Hope, 7
Cell (biology), 12
Ceramic, 6
Child abuse, 4
Circuit diagram, 5
Clay, 6
Child abuseChild abuse, 0
Climate, 10
Children's Day, 16
Children's Act (South Africa), 0
Control variable, 0
Coal in South Africa, 4
Coal, 15
Cooking, 8
Cradle of Humankind, 2
Decanting, 2
Dependent and independent variables, 1
Design, 4
Domestic violence in South Africa, 4
Domestic violence, 17
Drakensberg, 9
Duration (music), 1
Economy of South Africa, 6
Ecosystem, 12
Electrical conductor, 2
Discrimination, 13
Electrical network, 1
Electricity generation, 9
Energy in South Africa, 1
Fair trade, 7
Fiber, 1
Farm, 11
Fire safety, 2
Flag of South Africa, 9
Food, 27
Frances Baard, 0
Food pyramid (nutrition), 7
Food groups, 2
Food vs. fuel, 2
Food security, 15
Free State (province), 7
Freedom Day (South Africa), 1
Gana and Gwi people, 0
Gangster, 9
Gauteng, 8
Glass, 45
Gender stereotypes, 19
Griqua people, 5
Hand washing, 10
Health, 6
Health care in South Africa, 2
Heritage Day (South Africa), 1
Herero and Namaqua Genocide, 10
History of South Africa, 32
History of writing, 6
HIV, 12
Home safety, 0
Hottentot Venus, 8
HIV/AIDS, 15
Human Rights Day, 3
Human nutrition, 3
Hydraulics, 4
Human swimming, 8
Insulator (electricity), 11
Khoikhoi, 5
Later Stone Age, 2
Khoikhoi mythology, 0
Latitude, 11
Liquid fuel, 1
Longitude, 3
List of South Africans, 33
Mandela Day, 1
Map, 10
Malaria, 15
Mapungubwe, 9
Mapungubwe Museum, 2
Mahatma Gandhi, 28
Mapungubwe National Park, 2
Mining industry of South Africa, 3
Mpumalanga, 3
National anthem of South Africa, 0
Music of South Africa, 0
National symbols of South Africa, 6
Noise pollution, 5
Nest, 8
Oliver Tambo, 1
National Women's Day, 1
Nelson Mandela, 25
Outer space, 12
Outline of domestic violence, 1
People Against Gangsterism and Drugs, 0
Paper, 4
Petrol-paraffin engine, 4
Pneumatics, 1
Pitch (music), 2
Politics of South Africa, 2
Rail transport, 26
Pollution, 12
Rail transport in South Africa, 3
Reconciliation Day, 0
Reproduction, 3
Right to food, 6
Road map, 6
San healing practices, 0
Rock (geology), 8
Republic of South Africa, 36
San languages, 0
San religion, 0
San rock art, 1
San people, 7
Sand, 9
Scale (map), 10
Scientific classification (disambiguation), 0
Settling, 3
Sieving, 3
Scientific method, 10
Sexism, 16
Soil, 24
Sound, 6
South African cuisine, 9
Standard Model, 3
South African locomotive history, 340
Structure (disambiguation), 0
Steve Biko, 1
Stereotype, 6
Tap (valve)#Water taps, 7
Trade, 8
Transport, 20
Textile, 12
Transport in South Africa, 4
Two foot gauge railways in South Africa, 1
Vibration, 8
Volume (disambiguation), 0
Water filter, 2
Walter Sisulu, 1
Water pollution, 17
Water privatization in South Africa, 0
Water supply and sanitation in South Africa, 5
Water well, 19
Wax, 7
Western Cape, 11
Wetlands, 10
Wildlife conservation, 2
Winnie Madikizela-Mandela, 1
Wildlife management, 1
Youth culture, 2
Wool, 17
Wood, 16
Coal, 15
Fire safety, 2