article, images
Africa Day, 0
Agriculture in South Africa, 5
Convenience food, 4
Acid, 6
African music, 8
!Kung people, 0
AIDS orphan, 1
Alcohol dependence, 1
Alcohol abuse, 4
Aloe vera, 5
Alcoholism, 8
Aloe, 21
Animal husbandry in South Africa, 0
Animal husbandry, 1
Animal-powered transport, 1
Apartheid, 11
Atom, 13
Automobile, 14
Bias, 0
Base (chemistry), 0
Bicycle, 29
Bill of Rights (South Africa), 0
Biome, 3
Boiling, 2
Bird nest, 18
Borehole, 2
Bullying, 1
Castle of Good Hope, 7
Cell (biology), 12
Ceramic, 6
Child abuse, 4
Circuit diagram, 5
Child abuseChild abuse, 0
Clay, 6
Children's Act (South Africa), 0
Climate, 10
Children's Day, 16
Control variable, 0
Coal in South Africa, 4
Coal, 15
Cradle of Humankind, 2
Cooking, 8
Decanting, 2
Dependent and independent variables, 1
Design, 4
Domestic violence in South Africa, 4
Discrimination, 13
Duration (music), 1
Drakensberg, 9
Domestic violence, 17
Economy of South Africa, 6
Ecosystem, 12
Electrical conductor, 2
Electrical network, 1
Energy in South Africa, 1
Electricity generation, 9
Fair trade, 7
Farm, 11
Fiber, 1
Fire safety, 2
Flag of South Africa, 9
Food, 27
Food groups, 2
Food pyramid (nutrition), 7
Food security, 15
Food vs. fuel, 2
Frances Baard, 0
Freedom Day (South Africa), 1
Gana and Gwi people, 0
Free State (province), 7
Gangster, 9
Gauteng, 8
Griqua people, 5
Gender stereotypes, 19
Glass, 45
Hand washing, 10
Health, 6
Health care in South Africa, 2
Heritage Day (South Africa), 1
Herero and Namaqua Genocide, 10
History of writing, 6
History of South Africa, 32
Home safety, 0
HIV, 12
Hottentot Venus, 8
Human Rights Day, 3
HIV/AIDS, 15
Hydraulics, 4
Human nutrition, 3
Human swimming, 8
Insulator (electricity), 11
Khoikhoi, 5
Khoikhoi mythology, 0
Liquid fuel, 1
Later Stone Age, 2
Latitude, 11
List of South Africans, 33
Longitude, 3
Mandela Day, 1
Map, 10
Mapungubwe, 9
Malaria, 15
Mahatma Gandhi, 28
Mapungubwe National Park, 2
Mapungubwe Museum, 2
Mining industry of South Africa, 3
Mpumalanga, 3
National anthem of South Africa, 0
Music of South Africa, 0
National symbols of South Africa, 6
Nest, 8
National Women's Day, 1
Noise pollution, 5
Nelson Mandela, 25
Oliver Tambo, 1
Outline of domestic violence, 1
Outer space, 12
Petrol-paraffin engine, 4
People Against Gangsterism and Drugs, 0
Paper, 4
Pitch (music), 2
Pneumatics, 1
Politics of South Africa, 2
Reconciliation Day, 0
Rail transport in South Africa, 3
Pollution, 12
Rail transport, 26
Reproduction, 3
Road map, 6
San healing practices, 0
Rock (geology), 8
Right to food, 6
Republic of South Africa, 36
San languages, 0
San rock art, 1
San religion, 0
San people, 7
Sand, 9
Scale (map), 10
Scientific classification (disambiguation), 0
Settling, 3
Sieving, 3
Scientific method, 10
Sexism, 16
Soil, 24
Sound, 6
South African cuisine, 9
South African locomotive history, 340
Structure (disambiguation), 0
Standard Model, 3
Stereotype, 6
Steve Biko, 1
Tap (valve)#Water taps, 7
Trade, 8
Transport in South Africa, 4
Textile, 12
Transport, 20
Two foot gauge railways in South Africa, 1
Vibration, 8
Volume (disambiguation), 0
Water filter, 2
Walter Sisulu, 1
Water privatization in South Africa, 0
Water pollution, 17
Water supply and sanitation in South Africa, 5
Water well, 19
Wax, 7
Western Cape, 11
Wildlife conservation, 2
Wetlands, 10
Wildlife management, 1
Winnie Madikizela-Mandela, 1
Youth culture, 2
Wood, 16
Wool, 17
Fire safety, 2
Coal, 15